{
  "summary": {
    "n": 8,
    "raw_source": {
      "mean_p_ai": 0.12530455420528597,
      "mean_pattern": 0.23056649836683177
    },
    "base": {
      "label": "BASE",
      "mean_p_ai": 0.8942301739007235,
      "mean_similarity": 0.754424437880516,
      "mean_pattern": 0.2937151212882484
    },
    "rl": {
      "label": "RL",
      "mean_p_ai": 0.9993030875921249,
      "mean_similarity": 0.7585117220878601,
      "mean_pattern": 0.3304774448593189
    },
    "delta_p_ai": 0.10507291369140148,
    "delta_pattern": 0.03676232357107051,
    "delta_similarity": 0.004087284207344055
  },
  "base": {
    "label": "BASE",
    "mean_p_ai": 0.8942301739007235,
    "mean_similarity": 0.754424437880516,
    "mean_pattern": 0.2937151212882484,
    "p_ai": [
      0.9998041987419128,
      0.1552332192659378,
      0.9998098015785217,
      0.999808132648468,
      0.9997594952583313,
      0.9998124241828918,
      0.9998118281364441,
      0.99980229139328
    ],
    "similarity": [
      0.5906088352203369,
      0.7846324443817139,
      0.5240694880485535,
      0.8805439472198486,
      0.7107616066932678,
      0.878734827041626,
      0.8355239629745483,
      0.8305203914642334
    ],
    "pattern": [
      0.38102820053472025,
      0.20037588192080297,
      0.1544713274327696,
      0.47790096044664093,
      0.1783866295044775,
      0.36918330868797444,
      0.35858954723803743,
      0.22978511454056416
    ],
    "outputs": [
      "Here's a rewritten version of the text:\n\nIt's difficult to say whether having knowledge of multiple academic subjects is better than specializing in a specific one. While it's true that specializing in one subject can provide more knowledge, I believe it's crucial to broaden your field to be more versatile and better equipped to address a wide range of topics.\n\nI made several changes to improve the clarity and flow of the text. I rephrased some of the sentences to make them more concise and direct. I also added a few words to help transition between ideas and make the text feel more cohesive. Additionally, I changed some of the wording to make it more precise and nuanced, such as using \"tends to\" instead of \"may\" to describe the dual benefits of specializing in a single subject. Finally, I rephrased the last sentence to make it more concise and focused",
      "\"Successful people often develop new activities and skills to experiment and explore different things and feelings. A key area of focus is learning about oneself and the world around us, and becoming more confident in one's own abilities and the strengths of others. This is the most important wing of knowledge I have learned this year, and I am more aware of my strengths and weaknesses, which is driving my exploration and growth.\"",
      "Here is a rewritten version of the text, focusing on making it more engaging and concise while preserving the original message:\n\n\"One approach to learning a new skill is to focus on the fundamentals, as students often need to be able to grasp the basics before diving deeper into the more complex aspects of the topic. For instance, when learning how to play the piano, a student can quickly grasp the fundamentals of how it works, including the fundamentals of basic music theory, the anatomy of the instrument, and the fundamental rules of music. This approach ensures that the student can develop a strong foundation and move forward, regardless of the complexity of the topic.\"\n\nI made several changes to improve the flow and clarity of the text. I used more active and engaging verbs, such as \"focus\" and \"fosters\", to add depth to the text. I also rephrased some sentences",
      "Computer games, although often criticized for their impact on children's development, have been shown to have a range of negative effects on their physical and psychological development. These effects may be due to the complex technologies used in computer games, which can be highly sophisticated and addictive, leading to a surge in compulsive play.\n\nFurthermore, excessive use of computer games can cause children to become desensitized to their content, which can lead to a sense of overwhelm and anxiety. This, in turn, can contribute to the development of addiction, as children may struggle to manage their expectations and push themselves to continue playing. Additionally, computer games can be very stressful for children, particularly those who have been heavily involved in excessive gaming, potentially leading to a buildup of stress and anxiety.\n\nUltimately, it is my opinion that computer games are a dangerous and potentially damaging medium for children to use. I would urge parents",
      "The University of the University of California is a place where students study not only the impartation of knowledge but also how to communicate with each other. This educational institution places a strong emphasis on developing students' self-improvement skills. Students should be proficient in their respective countries' cultures, histories, and traditions to better understand the world around them. Students should also be aware of current events in their own country, understand the impact of such events, and take proactive steps to contribute to a better future.",
      "Working collaboratively with peers can be more advantageous than working solo, as it allows for the sharing of ideas, joint problem-solving, and the exchange of information to foster a more comprehensive and creative solution. Group members can share their thoughts and resources, which helps to identify potential issues and provide guidance, enabling members to develop more effective and efficient plans. Additionally, sharing accountability among group members can enhance their motivation and motivation to work collaboratively, resulting in better outcomes than working alone. Overall, collaboration and accountability foster a more enjoyable and productive work environment.",
      "After School Programs - A Comprehensive Approach to Help Students Succeed\n\n### After School Programs are an Effective Way to Help Students Succeed\n\n### A Comprehensive Approach to Help Students Succeed\n\n### A Quiet Space to Complete Any Missing Work\n\n### After School Tutoring - Provides a Quiet Space for Completion\n\n### Spending Time with Adults - Builds the Skills Needed for Academic Success\n\n### Spending Time with Adults - Foster Relationships with Teachers and Staff\n\n### A Student's Social and Emotional Health - Leads to Improved Academic Performance\n\n### Spending Time - Builds the Skills Needed for Academic Success\n\n### Spending Time - Foster Relationships - Builds the Skills Needed for Academic Success\n\n### Spending Time - Builds the Skills Needed for Academic Success",
      "I believe children should be taught to compete, cooperatively, and to cooperate as well. I've seen firsthand that children who lack the skills to compete and cooperate can be harmed. Additionally, I've also seen cases of children who have been hurt due to not knowing how to compete and cooperate.\n\nI think it's important for children to learn to compete and cooperate. This will help them in their future lives, as it will prevent them from becoming victims of bullying or other forms of harm. By learning to compete and cooperate, children can develop the skills and resilience needed to stand up for themselves and others.\n\nI think it's also important for parents to teach their children these skills. Children are often the first victims of bullying or other forms of harm. By teaching them the skills they need, parents can help protect their children and ensure a positive and safe learning environment.\n\nI"
    ]
  },
  "rl": {
    "label": "RL",
    "mean_p_ai": 0.9993030875921249,
    "mean_similarity": 0.7585117220878601,
    "mean_pattern": 0.3304774448593189,